"","(Intercept)","abs_lat","ai","bio_1","bio_12","bio_15","bio_4","srad","wind","df","logLik","AICc","delta","weight"
"110",-0.155,0.19,NA,-0.224,-0.124,NA,-0.257,0.152,NA,8,-2079.965,4176.022,0,0.241
"104",-0.15,0.192,-0.119,-0.243,NA,NA,-0.263,0.12,NA,8,-2080.345,4176.782,0.76,0.164
"112",-0.152,0.19,-0.043,-0.23,-0.083,NA,-0.26,0.14,NA,9,-2079.823,4177.761,1.739,0.101
"126",-0.154,0.195,NA,-0.223,-0.118,0.012,-0.257,0.148,NA,9,-2079.852,4177.818,1.796,0.098
"238",-0.155,0.193,NA,-0.224,-0.123,NA,-0.257,0.154,-0.004,9,-2079.959,4178.033,2.011,0.088
"120",-0.15,0.198,-0.112,-0.239,NA,0.018,-0.264,0.115,NA,9,-2080.084,4178.282,2.26,0.078
"232",-0.15,0.195,-0.119,-0.243,NA,NA,-0.264,0.122,-0.004,9,-2080.338,4178.79,2.768,0.06
"128",-0.152,0.195,-0.046,-0.229,-0.074,0.013,-0.26,0.135,NA,10,-2079.689,4179.518,3.496,0.042
"240",-0.152,0.192,-0.043,-0.23,-0.083,NA,-0.26,0.142,-0.003,10,-2079.819,4179.778,3.756,0.037
"254",-0.154,0.195,NA,-0.223,-0.118,0.012,-0.257,0.148,0,10,-2079.852,4179.843,3.821,0.036
"248",-0.15,0.197,-0.112,-0.239,NA,0.018,-0.264,0.115,0.001,10,-2080.083,4180.306,4.283,0.028
"256",-0.152,0.194,-0.046,-0.229,-0.074,0.014,-0.26,0.134,0.001,11,-2079.689,4181.545,5.523,0.015
"109",-0.149,NA,NA,-0.284,-0.14,NA,-0.141,0.173,NA,7,-2085.786,4185.642,9.62,0.002
"237",-0.151,NA,NA,-0.268,-0.144,NA,-0.153,0.155,0.041,8,-2084.88,4185.852,9.83,0.002
"103",-0.144,NA,-0.135,-0.306,NA,NA,-0.148,0.137,NA,7,-2086.282,4186.634,10.612,0.001
"231",-0.146,NA,-0.139,-0.291,NA,NA,-0.159,0.118,0.041,8,-2085.379,4186.849,10.827,0.001
"111",-0.146,NA,-0.048,-0.29,-0.095,NA,-0.145,0.16,NA,8,-2085.609,4187.31,11.288,0.001
"239",-0.148,NA,-0.05,-0.275,-0.096,NA,-0.157,0.141,0.041,9,-2084.687,4187.489,11.467,0.001
"125",-0.149,NA,NA,-0.284,-0.141,-0.002,-0.142,0.174,NA,8,-2085.781,4187.654,11.631,0.001
"253",-0.151,NA,NA,-0.267,-0.141,0.007,-0.152,0.152,0.043,9,-2084.841,4187.797,11.775,0.001
"247",-0.146,NA,-0.134,-0.288,NA,0.015,-0.158,0.113,0.046,9,-2085.216,4188.546,12.524,0
"119",-0.143,NA,-0.133,-0.306,NA,0.005,-0.147,0.135,NA,8,-2086.264,4188.619,12.597,0
"127",-0.146,NA,-0.048,-0.29,-0.096,-0.001,-0.145,0.16,NA,9,-2085.608,4189.331,13.309,0
"255",-0.148,NA,-0.052,-0.274,-0.09,0.009,-0.156,0.137,0.044,10,-2084.632,4189.403,13.381,0
"118",-0.169,0.238,NA,-0.242,NA,0.048,-0.242,0.144,NA,8,-2086.734,4189.559,13.537,0
"184",-0.14,0.193,-0.141,-0.174,NA,0.044,-0.28,NA,0.053,9,-2085.928,4189.971,13.949,0
"64",-0.136,0.235,-0.228,-0.2,0.104,0.041,-0.293,NA,NA,9,-2086.234,4190.583,14.561,0
"192",-0.14,0.198,-0.207,-0.198,0.08,0.045,-0.28,NA,0.044,10,-2085.277,4190.694,14.672,0
"56",-0.136,0.239,-0.143,-0.168,NA,0.039,-0.295,NA,NA,8,-2087.401,4190.894,14.872,0
"168",-0.139,0.188,-0.162,-0.174,NA,NA,-0.284,NA,0.047,8,-2087.484,4191.06,15.038,0
"48",-0.136,0.225,-0.243,-0.199,0.098,NA,-0.295,NA,NA,8,-2087.592,4191.276,15.253,0
"40",-0.136,0.229,-0.162,-0.169,NA,NA,-0.297,NA,NA,7,-2088.632,4191.336,15.313,0
"246",-0.169,0.245,NA,-0.244,NA,0.046,-0.243,0.148,-0.009,9,-2086.697,4191.508,15.486,0
"102",-0.175,0.228,NA,-0.252,NA,NA,-0.236,0.163,NA,7,-2088.758,4191.587,15.565,0
"176",-0.139,0.192,-0.226,-0.197,0.077,NA,-0.284,NA,0.038,9,-2086.88,4191.875,15.853,0
"230",-0.173,0.247,NA,-0.255,NA,NA,-0.242,0.172,-0.026,8,-2088.438,4192.968,16.946,0
"77",-0.152,NA,NA,-0.198,-0.112,NA,NA,0.171,NA,6,-2092.196,4196.445,20.423,0
"106",-0.136,0.291,NA,NA,-0.145,NA,-0.222,0.098,NA,7,-2091.397,4196.865,20.843,0
"183",-0.136,NA,-0.161,-0.223,NA,0.04,-0.176,NA,0.095,8,-2090.813,4197.718,21.696,0
"205",-0.153,NA,NA,-0.189,-0.113,NA,NA,0.164,0.017,7,-2092.041,4198.154,22.132,0
"167",-0.136,NA,-0.18,-0.222,NA,NA,-0.182,NA,0.088,7,-2092.092,4198.255,22.233,0
"71",-0.149,NA,-0.103,-0.215,NA,NA,NA,0.144,NA,6,-2093.124,4198.301,22.279,0
"93",-0.151,NA,NA,-0.199,-0.109,0.008,NA,0.168,NA,7,-2092.143,4198.357,22.335,0
"122",-0.136,0.297,NA,NA,-0.136,0.019,-0.223,0.092,NA,8,-2091.134,4198.36,22.338,0
"78",-0.152,0.01,NA,-0.191,-0.11,NA,NA,0.17,NA,7,-2092.167,4198.405,22.383,0
"79",-0.152,NA,-0.001,-0.198,-0.112,NA,NA,0.171,NA,7,-2092.196,4198.463,22.44,0
"108",-0.139,0.289,0.046,NA,-0.187,NA,-0.22,0.113,NA,8,-2091.23,4198.551,22.529,0
"234",-0.137,0.281,NA,NA,-0.146,NA,-0.22,0.095,0.013,8,-2091.326,4198.744,22.721,0
"190",-0.147,0.206,NA,-0.134,-0.118,0.058,-0.272,NA,0.068,9,-2090.34,4198.795,22.772,0
"191",-0.136,NA,-0.216,-0.243,0.066,0.04,-0.174,NA,0.089,9,-2090.37,4198.854,22.832,0
"175",-0.135,NA,-0.233,-0.241,0.064,NA,-0.181,NA,0.082,8,-2091.679,4199.45,23.427,0
"221",-0.153,NA,NA,-0.188,-0.108,0.013,NA,0.158,0.021,8,-2091.914,4199.919,23.897,0
"87",-0.148,NA,-0.098,-0.216,NA,0.015,NA,0.14,NA,7,-2092.941,4199.954,23.931,0
"199",-0.15,NA,-0.103,-0.206,NA,NA,NA,0.137,0.016,7,-2092.987,4200.045,24.022,0
"250",-0.137,0.283,NA,NA,-0.137,0.022,-0.22,0.085,0.019,9,-2090.985,4200.084,24.061,0
"124",-0.138,0.295,0.041,NA,-0.174,0.018,-0.221,0.105,NA,9,-2091,4200.114,24.092,0
"206",-0.153,-0.001,NA,-0.19,-0.113,NA,NA,0.164,0.017,8,-2092.041,4200.174,24.152,0
"207",-0.153,NA,0,-0.189,-0.113,NA,NA,0.164,0.017,8,-2092.041,4200.174,24.152,0
"72",-0.149,0.01,-0.101,-0.208,NA,NA,NA,0.143,NA,7,-2093.096,4200.264,24.242,0
"94",-0.152,0.014,NA,-0.19,-0.106,0.01,NA,0.166,NA,8,-2092.094,4200.28,24.258,0
"95",-0.151,NA,-0.003,-0.2,-0.106,0.008,NA,0.168,NA,8,-2092.142,4200.376,24.354,0
"80",-0.152,0.01,0.002,-0.191,-0.112,NA,NA,0.17,NA,8,-2092.167,4200.425,24.402,0
"236",-0.14,0.279,0.044,NA,-0.187,NA,-0.218,0.109,0.012,9,-2091.17,4200.454,24.432,0
"215",-0.149,NA,-0.096,-0.204,NA,0.02,NA,0.129,0.023,8,-2092.678,4201.447,25.425,0
"62",-0.143,0.268,NA,-0.127,-0.112,0.054,-0.291,NA,NA,8,-2092.73,4201.552,25.53,0
"88",-0.149,0.015,-0.094,-0.205,NA,0.017,NA,0.139,NA,8,-2092.879,4201.849,25.826,0
"252",-0.139,0.281,0.038,NA,-0.173,0.021,-0.218,0.098,0.018,10,-2090.87,4201.879,25.857,0
"223",-0.152,NA,-0.004,-0.189,-0.104,0.013,NA,0.157,0.021,9,-2091.912,4201.939,25.917,0
"222",-0.153,0.001,NA,-0.188,-0.107,0.013,NA,0.158,0.021,9,-2091.913,4201.941,25.918,0
"200",-0.15,0,-0.103,-0.207,NA,NA,NA,0.137,0.016,8,-2092.987,4202.065,26.043,0
"100",-0.132,0.308,-0.127,NA,NA,NA,-0.224,0.06,NA,7,-2094.011,4202.093,26.071,0
"208",-0.153,-0.001,0,-0.19,-0.113,NA,NA,0.164,0.017,9,-2092.041,4202.197,26.175,0
"174",-0.147,0.199,NA,-0.125,-0.147,NA,-0.277,NA,0.063,8,-2093.08,4202.252,26.23,0
"96",-0.152,0.014,0,-0.191,-0.105,0.01,NA,0.166,NA,9,-2092.094,4202.303,26.281,0
"116",-0.132,0.316,-0.115,NA,NA,0.03,-0.225,0.053,NA,8,-2093.293,4202.678,26.656,0
"216",-0.149,0.002,-0.096,-0.202,NA,0.021,NA,0.129,0.022,9,-2092.676,4203.467,27.445,0
"224",-0.152,0.001,-0.004,-0.188,-0.104,0.014,NA,0.157,0.021,10,-2091.912,4203.964,27.942,0
"228",-0.132,0.299,-0.129,NA,NA,NA,-0.222,0.056,0.011,8,-2093.958,4204.006,27.984,0
"46",-0.144,0.257,NA,-0.119,-0.139,NA,-0.294,NA,NA,7,-2095.11,4204.292,28.27,0
"52",-0.127,0.319,-0.132,NA,NA,0.04,-0.249,NA,NA,7,-2095.126,4204.324,28.302,0
"244",-0.132,0.3,-0.117,NA,NA,0.034,-0.222,0.045,0.021,9,-2093.111,4204.336,28.314,0
"180",-0.13,0.285,-0.13,NA,NA,0.044,-0.235,NA,0.043,8,-2094.18,4204.452,28.429,0
"36",-0.127,0.309,-0.151,NA,NA,NA,-0.251,NA,NA,6,-2096.399,4204.851,28.828,0
"164",-0.129,0.279,-0.151,NA,NA,NA,-0.239,NA,0.036,7,-2095.709,4205.489,29.467,0
"47",-0.126,NA,-0.282,-0.267,0.114,NA,-0.161,NA,NA,7,-2095.791,4205.653,29.631,0
"188",-0.131,0.275,-0.093,NA,-0.046,0.043,-0.238,NA,0.049,9,-2093.918,4205.95,29.928,0
"245",-0.168,NA,NA,-0.308,NA,0.048,-0.101,0.153,0.045,8,-2094.93,4205.952,29.929,0
"117",-0.165,NA,NA,-0.325,NA,0.038,-0.09,0.176,NA,7,-2095.956,4205.984,29.962,0
"60",-0.127,0.317,-0.115,NA,-0.021,0.039,-0.251,NA,NA,8,-2095.067,4206.225,30.203,0
"63",-0.126,NA,-0.272,-0.27,0.118,0.029,-0.155,NA,NA,8,-2095.104,4206.3,30.278,0
"186",-0.136,0.266,NA,NA,-0.132,0.051,-0.241,NA,0.061,8,-2095.141,4206.373,30.351,0
"39",-0.125,NA,-0.188,-0.234,NA,NA,-0.161,NA,NA,6,-2097.188,4206.43,30.408,0
"101",-0.17,NA,NA,-0.33,NA,NA,-0.091,0.19,NA,6,-2097.238,4206.53,30.508,0
"44",-0.127,0.307,-0.13,NA,-0.026,NA,-0.253,NA,NA,7,-2096.308,4206.687,30.665,0
"172",-0.13,0.269,-0.112,NA,-0.048,NA,-0.242,NA,0.042,8,-2095.421,4206.933,30.911,0
"55",-0.125,NA,-0.176,-0.235,NA,0.026,-0.155,NA,NA,7,-2096.614,4207.299,31.277,0
"229",-0.172,NA,NA,-0.32,NA,NA,-0.098,0.178,0.028,7,-2096.813,4207.698,31.676,0
"189",-0.143,NA,NA,-0.179,-0.142,0.054,-0.161,NA,0.115,8,-2095.86,4207.811,31.789,0
"58",-0.133,0.319,NA,NA,-0.126,0.047,-0.259,NA,NA,7,-2097.053,4208.177,32.155,0
"170",-0.137,0.256,NA,NA,-0.156,NA,-0.247,NA,0.056,7,-2097.267,4208.606,32.584,0
"86",-0.165,0.063,NA,-0.21,NA,0.042,NA,0.162,NA,7,-2097.548,4209.166,33.144,0
"85",-0.165,NA,NA,-0.26,NA,0.039,NA,0.172,NA,6,-2098.726,4209.505,33.483,0
"42",-0.134,0.306,NA,NA,-0.149,NA,-0.264,NA,NA,6,-2098.92,4209.894,33.872,0
"69",-0.169,NA,NA,-0.265,NA,NA,NA,0.186,NA,5,-2100.068,4210.175,34.153,0
"70",-0.17,0.057,NA,-0.219,NA,NA,NA,0.178,NA,6,-2099.094,4210.242,34.22,0
"182",-0.162,0.255,NA,-0.155,NA,0.091,-0.258,NA,0.058,8,-2097.094,4210.279,34.257,0
"173",-0.144,NA,NA,-0.169,-0.168,NA,-0.169,NA,0.109,7,-2098.238,4210.548,34.526,0
"213",-0.166,NA,NA,-0.244,NA,0.046,NA,0.157,0.029,7,-2098.289,4210.65,34.628,0
"214",-0.166,0.057,NA,-0.209,NA,0.044,NA,0.157,0.011,8,-2097.495,4211.082,35.06,0
"54",-0.157,0.307,NA,-0.149,NA,0.087,-0.275,NA,NA,7,-2098.864,4211.799,35.777,0
"197",-0.17,NA,NA,-0.258,NA,NA,NA,0.181,0.013,6,-2099.972,4211.998,35.976,0
"198",-0.17,0.06,NA,-0.22,NA,NA,NA,0.18,-0.005,7,-2099.081,4212.232,36.21,0
"74",-0.137,0.119,NA,NA,-0.13,NA,NA,0.121,NA,6,-2100.6,4213.254,37.231,0
"151",-0.139,NA,-0.124,-0.117,NA,0.05,NA,NA,0.077,7,-2100.129,4214.328,38.306,0
"114",-0.151,0.358,NA,NA,NA,0.061,-0.202,0.082,NA,7,-2100.178,4214.427,38.404,0
"76",-0.141,0.118,0.071,NA,-0.197,NA,NA,0.143,NA,7,-2100.19,4214.451,38.429,0
"202",-0.138,0.099,NA,NA,-0.134,NA,NA,0.112,0.028,7,-2100.248,4214.568,38.546,0
"90",-0.136,0.123,NA,NA,-0.122,0.016,NA,0.116,NA,7,-2100.414,4214.898,38.876,0
"159",-0.138,NA,-0.188,-0.142,0.077,0.051,NA,NA,0.07,8,-2099.526,4215.143,39.121,0
"204",-0.142,0.1,0.068,NA,-0.197,NA,NA,0.133,0.026,8,-2099.882,4215.856,39.834,0
"218",-0.138,0.101,NA,NA,-0.124,0.022,NA,0.103,0.034,8,-2099.917,4215.926,39.904,0
"92",-0.141,0.122,0.068,NA,-0.187,0.014,NA,0.137,NA,8,-2100.046,4216.183,40.161,0
"152",-0.138,-0.016,-0.127,-0.126,NA,0.05,NA,NA,0.082,8,-2100.076,4216.243,40.22,0
"242",-0.151,0.35,NA,NA,NA,0.063,-0.2,0.078,0.01,8,-2100.137,4216.365,40.342,0
"135",-0.138,NA,-0.146,-0.11,NA,NA,NA,NA,0.067,6,-2102.179,4216.411,40.389,0
"160",-0.138,-0.012,-0.19,-0.148,0.076,0.05,NA,NA,0.073,9,-2099.495,4217.105,41.082,0
"143",-0.138,NA,-0.209,-0.134,0.075,NA,NA,NA,0.06,7,-2101.613,4217.297,41.275,0
"220",-0.142,0.101,0.062,NA,-0.183,0.02,NA,0.123,0.032,9,-2099.614,4217.342,41.32,0
"136",-0.137,-0.025,-0.151,-0.125,NA,NA,NA,NA,0.075,7,-2102.037,4218.146,42.124,0
"201",-0.13,NA,NA,NA,-0.17,NA,NA,0.09,0.075,6,-2103.164,4218.381,42.358,0
"68",-0.134,0.135,-0.11,NA,NA,NA,NA,0.087,NA,6,-2103.237,4218.527,42.505,0
"98",-0.156,0.35,NA,NA,NA,NA,-0.193,0.104,NA,6,-2103.43,4218.913,42.891,0
"31",-0.13,NA,-0.236,-0.172,0.118,0.041,NA,NA,NA,7,-2102.502,4219.075,43.053,0
"233",-0.127,NA,NA,NA,-0.185,NA,-0.041,0.079,0.088,7,-2102.504,4219.079,43.056,0
"144",-0.137,-0.022,-0.211,-0.146,0.073,NA,NA,NA,0.066,8,-2101.508,4219.107,43.085,0
"84",-0.133,0.141,-0.099,NA,NA,0.028,NA,0.082,NA,7,-2102.648,4219.367,43.345,0
"203",-0.133,NA,0.064,NA,-0.23,NA,NA,0.11,0.073,7,-2102.833,4219.737,43.715,0
"15",-0.131,NA,-0.248,-0.163,0.112,NA,NA,NA,NA,6,-2103.877,4219.807,43.785,0
"217",-0.129,NA,NA,NA,-0.163,0.018,NA,0.082,0.08,7,-2102.926,4219.923,43.901,0
"196",-0.135,0.117,-0.114,NA,NA,NA,NA,0.078,0.026,7,-2102.94,4219.95,43.928,0
"23",-0.129,NA,-0.139,-0.137,NA,0.038,NA,NA,NA,6,-2103.997,4220.048,44.025,0
"212",-0.134,0.117,-0.102,NA,NA,0.033,NA,0.067,0.036,8,-2102.112,4220.315,44.293,0
"32",-0.132,0.036,-0.224,-0.148,0.116,0.044,NA,NA,NA,8,-2102.161,4220.414,44.392,0
"7",-0.13,NA,-0.155,-0.13,NA,NA,NA,NA,NA,5,-2105.212,4220.461,44.439,0
"235",-0.13,NA,0.059,NA,-0.24,NA,-0.04,0.098,0.086,8,-2102.226,4220.544,44.521,0
"249",-0.126,NA,NA,NA,-0.178,0.017,-0.041,0.072,0.093,8,-2102.293,4220.677,44.654,0
"226",-0.156,0.36,NA,NA,NA,NA,-0.195,0.107,-0.013,7,-2103.358,4220.787,44.765,0
"24",-0.132,0.039,-0.129,-0.112,NA,0.042,NA,NA,NA,7,-2103.599,4221.27,45.247,0
"178",-0.151,0.333,NA,NA,NA,0.088,-0.219,NA,0.049,7,-2103.624,4221.318,45.296,0
"219",-0.133,NA,0.06,NA,-0.219,0.016,NA,0.101,0.078,8,-2102.646,4221.384,45.362,0
"157",-0.145,NA,NA,-0.092,-0.107,0.062,NA,NA,0.095,7,-2103.707,4221.485,45.463,0
"16",-0.132,0.023,-0.241,-0.147,0.11,NA,NA,NA,NA,7,-2103.732,4221.535,45.513,0
"50",-0.147,0.373,NA,NA,NA,0.084,-0.235,NA,NA,6,-2104.856,4221.766,45.744,0
"8",-0.132,0.026,-0.149,-0.113,NA,NA,NA,NA,NA,6,-2105.022,4222.096,46.074,0
"251",-0.13,NA,0.055,NA,-0.229,0.016,-0.039,0.09,0.091,9,-2102.058,4222.231,46.209,0
"61",-0.132,NA,NA,-0.192,-0.144,0.043,-0.129,NA,NA,7,-2104.489,4223.05,47.028,0
"148",-0.131,0.078,-0.12,NA,NA,0.049,NA,NA,0.07,7,-2104.528,4223.126,47.104,0
"158",-0.145,0.001,NA,-0.091,-0.106,0.062,NA,NA,0.094,8,-2103.707,4223.505,47.483,0
"73",-0.118,NA,NA,NA,-0.182,NA,NA,0.109,NA,5,-2106.876,4223.789,47.767,0
"45",-0.133,NA,NA,-0.183,-0.164,NA,-0.136,NA,NA,6,-2105.992,4224.037,48.015,0
"166",-0.169,0.265,NA,-0.148,NA,NA,-0.26,NA,0.044,7,-2105.087,4224.245,48.223,0
"38",-0.165,0.304,NA,-0.143,NA,NA,-0.273,NA,NA,6,-2106.104,4224.261,48.238,0
"185",-0.126,NA,NA,NA,-0.171,0.042,-0.067,NA,0.125,7,-2105.218,4224.508,48.485,0
"75",-0.123,NA,0.078,NA,-0.255,NA,NA,0.133,NA,6,-2106.393,4224.839,48.817,0
"132",-0.13,0.068,-0.144,NA,NA,NA,NA,NA,0.063,6,-2106.418,4224.89,48.868,0
"156",-0.131,0.073,-0.103,NA,-0.021,0.049,NA,NA,0.073,8,-2104.47,4225.032,49.01,0
"187",-0.122,NA,-0.066,NA,-0.111,0.037,-0.061,NA,0.118,8,-2104.599,4225.29,49.268,0
"171",-0.122,NA,-0.083,NA,-0.112,NA,-0.067,NA,0.111,7,-2105.658,4225.388,49.366,0
"169",-0.127,NA,NA,NA,-0.191,NA,-0.077,NA,0.119,6,-2106.669,4225.391,49.369,0
"147",-0.123,NA,-0.146,NA,NA,0.041,NA,NA,0.1,6,-2106.849,4225.752,49.73,0
"89",-0.119,NA,NA,NA,-0.183,-0.004,NA,0.11,NA,6,-2106.865,4225.784,49.762,0
"141",-0.145,NA,NA,-0.075,-0.135,NA,NA,NA,0.086,6,-2106.869,4225.79,49.768,0
"105",-0.118,NA,NA,NA,-0.182,NA,0,0.109,NA,6,-2106.876,4225.804,49.782,0
"181",-0.16,NA,NA,-0.219,NA,0.095,-0.11,NA,0.117,7,-2105.954,4225.979,49.957,0
"154",-0.137,0.06,NA,NA,-0.117,0.057,NA,NA,0.087,7,-2105.969,4226.009,49.987,0
"153",-0.132,NA,NA,NA,-0.142,0.05,NA,NA,0.11,6,-2107.116,4226.286,50.263,0
"155",-0.126,NA,-0.083,NA,-0.07,0.042,NA,NA,0.103,7,-2106.11,4226.29,50.268,0
"195",-0.123,NA,-0.155,NA,NA,NA,NA,0.039,0.083,6,-2107.123,4226.3,50.277,0
"20",-0.126,0.117,-0.122,NA,NA,0.042,NA,NA,NA,6,-2107.166,4226.386,50.364,0
"131",-0.123,NA,-0.163,NA,NA,NA,NA,NA,0.091,5,-2108.205,4226.448,50.426,0
"179",-0.119,NA,-0.158,NA,NA,0.037,-0.037,NA,0.109,7,-2106.192,4226.455,50.433,0
"163",-0.119,NA,-0.175,NA,NA,NA,-0.044,NA,0.102,6,-2107.27,4226.593,50.571,0
"211",-0.123,NA,-0.143,NA,NA,0.033,NA,0.028,0.092,7,-2106.327,4226.726,50.704,0
"140",-0.131,0.062,-0.125,NA,-0.024,NA,NA,NA,0.067,7,-2106.35,4226.771,50.749,0
"91",-0.124,NA,0.079,NA,-0.258,-0.006,NA,0.135,NA,7,-2106.369,4226.809,50.786,0
"107",-0.123,NA,0.078,NA,-0.254,NA,0.001,0.133,NA,7,-2106.393,4226.856,50.834,0
"139",-0.126,NA,-0.105,NA,-0.066,NA,NA,NA,0.093,6,-2107.559,4227.171,51.149,0
"4",-0.126,0.105,-0.143,NA,NA,NA,NA,NA,NA,5,-2108.6,4227.239,51.217,0
"82",-0.15,0.194,NA,NA,NA,0.055,NA,0.104,NA,6,-2107.752,4227.558,51.536,0
"227",-0.12,NA,-0.165,NA,NA,NA,-0.028,0.028,0.092,7,-2106.818,4227.707,51.685,0
"142",-0.145,-0.009,NA,-0.08,-0.137,NA,NA,NA,0.089,7,-2106.849,4227.77,51.748,0
"121",-0.119,NA,NA,NA,-0.184,-0.004,-0.001,0.11,NA,7,-2106.865,4227.801,51.779,0
"243",-0.12,NA,-0.153,NA,NA,0.033,-0.028,0.018,0.101,8,-2106.026,4228.143,52.121,0
"28",-0.126,0.12,-0.138,NA,0.019,0.043,NA,NA,NA,7,-2107.12,4228.311,52.289,0
"137",-0.134,NA,NA,NA,-0.161,NA,NA,NA,0.1,5,-2109.25,4228.539,52.517,0
"123",-0.124,NA,0.079,NA,-0.258,-0.006,0,0.135,NA,8,-2106.369,4228.829,52.807,0
"210",-0.151,0.178,NA,NA,NA,0.059,NA,0.095,0.025,7,-2107.495,4229.061,53.038,0
"12",-0.125,0.107,-0.154,NA,0.014,NA,NA,NA,NA,6,-2108.575,4229.203,53.181,0
"138",-0.138,0.043,NA,NA,-0.144,NA,NA,NA,0.083,6,-2108.627,4229.308,53.285,0
"66",-0.155,0.194,NA,NA,NA,NA,NA,0.123,NA,5,-2110.348,4230.733,54.711,0
"30",-0.139,0.07,NA,-0.077,-0.096,0.057,NA,NA,NA,7,-2108.334,4230.738,54.716,0
"29",-0.135,NA,NA,-0.118,-0.114,0.051,NA,NA,NA,6,-2109.667,4231.388,55.366,0
"149",-0.158,NA,NA,-0.147,NA,0.094,NA,NA,0.102,6,-2109.871,4231.795,55.773,0
"26",-0.133,0.115,NA,NA,-0.106,0.053,NA,NA,NA,6,-2109.961,4231.974,55.952,0
"150",-0.158,0.056,NA,-0.112,NA,0.092,NA,NA,0.084,7,-2109.108,4232.287,56.265,0
"194",-0.155,0.192,NA,NA,NA,NA,NA,0.122,0.003,6,-2110.343,4232.74,56.718,0
"34",-0.155,0.368,NA,NA,NA,NA,-0.234,NA,NA,5,-2111.639,4233.316,57.294,0
"67",-0.11,NA,-0.166,NA,NA,NA,NA,0.056,NA,5,-2111.677,4233.393,57.371,0
"13",-0.136,NA,NA,-0.102,-0.137,NA,NA,NA,NA,5,-2111.843,4233.723,57.701,0
"14",-0.139,0.056,NA,-0.068,-0.125,NA,NA,NA,NA,6,-2110.964,4233.982,57.96,0
"162",-0.157,0.338,NA,NA,NA,NA,-0.223,NA,0.036,6,-2110.981,4234.016,57.994,0
"10",-0.134,0.097,NA,NA,-0.132,NA,NA,NA,NA,5,-2112.242,4234.523,58.501,0
"99",-0.112,NA,-0.16,NA,NA,NA,0.016,0.061,NA,6,-2111.559,4235.172,59.15,0
"83",-0.109,NA,-0.163,NA,NA,0.01,NA,0.053,NA,6,-2111.6,4235.253,59.231,0
"3",-0.108,NA,-0.18,NA,NA,NA,NA,NA,NA,4,-2114.057,4236.14,60.118,0
"115",-0.112,NA,-0.155,NA,NA,0.011,0.018,0.058,NA,7,-2111.458,4236.987,60.965,0
"146",-0.15,0.136,NA,NA,NA,0.09,NA,NA,0.074,6,-2112.623,4237.3,61.278,0
"19",-0.107,NA,-0.172,NA,NA,0.022,NA,NA,NA,5,-2113.64,4237.319,61.296,0
"11",-0.11,NA,-0.134,NA,-0.052,NA,NA,NA,NA,5,-2113.649,4237.335,61.313,0
"22",-0.151,0.113,NA,-0.098,NA,0.085,NA,NA,NA,6,-2112.829,4237.71,61.688,0
"35",-0.106,NA,-0.184,NA,NA,NA,-0.011,NA,NA,5,-2113.998,4238.034,62.012,0
"27",-0.109,NA,-0.124,NA,-0.054,0.023,NA,NA,NA,6,-2113.205,4238.463,62.441,0
"43",-0.107,NA,-0.129,NA,-0.067,NA,-0.023,NA,NA,6,-2113.405,4238.863,62.841,0
"51",-0.106,NA,-0.174,NA,NA,0.021,-0.005,NA,NA,6,-2113.625,4239.303,63.281,0
"59",-0.107,NA,-0.121,NA,-0.065,0.021,-0.018,NA,NA,7,-2113.065,4240.201,64.179,0
"9",-0.118,NA,NA,NA,-0.175,NA,NA,NA,NA,4,-2116.454,4240.933,64.91,0
"25",-0.116,NA,NA,NA,-0.164,0.033,NA,NA,NA,5,-2115.51,4241.059,65.037,0
"18",-0.145,0.177,NA,NA,NA,0.083,NA,NA,NA,5,-2115.534,4241.106,65.083,0
"165",-0.167,NA,NA,-0.214,NA,NA,-0.106,NA,0.105,6,-2114.529,4241.112,65.09,0
"53",-0.149,NA,NA,-0.233,NA,0.084,-0.076,NA,NA,6,-2114.791,4241.635,65.613,0
"41",-0.114,NA,NA,NA,-0.189,NA,-0.033,NA,NA,5,-2115.93,4241.897,65.875,0
"57",-0.113,NA,NA,NA,-0.176,0.029,-0.025,NA,NA,6,-2115.229,4242.511,66.488,0
"21",-0.148,NA,NA,-0.18,NA,0.084,NA,NA,NA,5,-2116.752,4243.542,67.519,0
"133",-0.165,NA,NA,-0.145,NA,NA,NA,NA,0.09,5,-2118.151,4246.339,70.317,0
"134",-0.165,0.064,NA,-0.105,NA,NA,NA,NA,0.07,6,-2117.161,4246.376,70.354,0
"6",-0.159,0.111,NA,-0.093,NA,NA,NA,NA,NA,5,-2119.735,4249.508,73.486,0
"130",-0.157,0.138,NA,NA,NA,NA,NA,NA,0.061,5,-2120.203,4250.444,74.422,0
"241",-0.143,NA,NA,NA,NA,0.073,0.048,0.057,0.105,7,-2118.611,4251.293,75.271,0
"209",-0.141,NA,NA,NA,NA,0.078,NA,0.041,0.124,6,-2119.66,4251.373,75.351,0
"145",-0.141,NA,NA,NA,NA,0.091,NA,NA,0.137,5,-2120.768,4251.574,75.551,0
"2",-0.152,0.173,NA,NA,NA,NA,NA,NA,NA,4,-2122.175,4252.375,76.352,0
"177",-0.143,NA,NA,NA,NA,0.091,0.024,NA,0.13,6,-2120.46,4252.973,76.951,0
"37",-0.156,NA,NA,-0.227,NA,NA,-0.076,NA,NA,5,-2121.57,4253.179,77.157,0
"5",-0.156,NA,NA,-0.174,NA,NA,NA,NA,NA,4,-2123.512,4255.049,79.027,0
"225",-0.148,NA,NA,NA,NA,NA,0.062,0.09,0.082,6,-2122.9,4257.853,81.831,0
"193",-0.146,NA,NA,NA,NA,NA,NA,0.072,0.105,5,-2124.679,4259.395,83.373,0
"113",-0.134,NA,NA,NA,NA,0.052,0.096,0.1,NA,6,-2124.326,4260.706,84.684,0
"97",-0.14,NA,NA,NA,NA,NA,0.098,0.118,NA,5,-2126.603,4263.244,87.222,0
"129",-0.148,NA,NA,NA,NA,NA,NA,NA,0.125,4,-2128.559,4265.143,89.121,0
"161",-0.149,NA,NA,NA,NA,NA,0.024,NA,0.117,5,-2128.245,4266.528,90.506,0
"81",-0.126,NA,NA,NA,NA,0.055,NA,0.079,NA,5,-2129.399,4268.836,92.814,0
"65",-0.131,NA,NA,NA,NA,NA,NA,0.098,NA,4,-2131.953,4271.932,95.91,0
"49",-0.128,NA,NA,NA,NA,0.079,0.07,NA,NA,5,-2131.086,4272.21,96.188,0
"17",-0.122,NA,NA,NA,NA,0.077,NA,NA,NA,4,-2133.908,4275.841,99.819,0
"33",-0.136,NA,NA,NA,NA,NA,0.066,NA,NA,4,-2136.968,4281.961,105.939,0
"1",-0.13,NA,NA,NA,NA,NA,NA,NA,NA,3,-2139.503,4285.022,108.999,0
