"","(Intercept)","ai","bio_1","bio_12","bio_15","bio_4","lat","srad","wind","df","logLik","AICc","delta","weight"
"119",-0.153,NA,-0.248,-0.131,NA,-0.216,0.121,0.159,NA,8,-2083.128,4182.347,0,0.193
"116",-0.149,-0.126,-0.268,NA,NA,-0.223,0.123,0.125,NA,8,-2083.519,4183.13,0.783,0.131
"120",-0.151,-0.047,-0.254,-0.087,NA,-0.219,0.121,0.146,NA,9,-2082.96,4184.034,1.687,0.083
"247",-0.154,NA,-0.245,-0.133,NA,-0.214,0.11,0.154,0.016,9,-2083.007,4184.128,1.78,0.079
"127",-0.153,NA,-0.248,-0.128,0.005,-0.216,0.122,0.158,NA,9,-2083.105,4184.325,1.978,0.072
"124",-0.148,-0.121,-0.266,NA,0.012,-0.223,0.126,0.122,NA,9,-2083.406,4184.927,2.58,0.053
"244",-0.149,-0.128,-0.265,NA,NA,-0.221,0.113,0.119,0.016,9,-2083.407,4184.929,2.582,0.053
"87",-0.149,NA,-0.284,-0.14,NA,-0.141,NA,0.173,NA,7,-2085.786,4185.642,3.295,0.037
"248",-0.152,-0.048,-0.251,-0.088,NA,-0.217,0.109,0.14,0.017,10,-2082.831,4185.803,3.455,0.034
"215",-0.151,NA,-0.268,-0.144,NA,-0.153,NA,0.155,0.041,8,-2084.88,4185.852,3.505,0.034
"128",-0.151,-0.048,-0.254,-0.082,0.007,-0.219,0.122,0.144,NA,10,-2082.927,4185.993,3.646,0.031
"255",-0.154,NA,-0.244,-0.129,0.009,-0.213,0.111,0.15,0.019,10,-2082.949,4186.037,3.69,0.031
"252",-0.149,-0.123,-0.262,NA,0.016,-0.22,0.113,0.113,0.021,10,-2083.222,4186.583,4.236,0.023
"84",-0.144,-0.135,-0.306,NA,NA,-0.148,NA,0.137,NA,7,-2086.282,4186.634,4.287,0.023
"212",-0.146,-0.139,-0.291,NA,NA,-0.159,NA,0.118,0.041,8,-2085.379,4186.849,4.502,0.02
"88",-0.146,-0.048,-0.29,-0.095,NA,-0.145,NA,0.16,NA,8,-2085.609,4187.31,4.963,0.016
"216",-0.148,-0.05,-0.275,-0.096,NA,-0.157,NA,0.141,0.041,9,-2084.687,4187.489,5.142,0.015
"95",-0.149,NA,-0.284,-0.141,-0.002,-0.142,NA,0.174,NA,8,-2085.781,4187.654,5.306,0.014
"256",-0.151,-0.05,-0.25,-0.081,0.01,-0.217,0.11,0.135,0.02,11,-2082.754,4187.676,5.329,0.013
"223",-0.151,NA,-0.267,-0.141,0.007,-0.152,NA,0.152,0.043,9,-2084.841,4187.797,5.45,0.013
"220",-0.146,-0.134,-0.288,NA,0.015,-0.158,NA,0.113,0.046,9,-2085.216,4188.546,6.199,0.009
"92",-0.143,-0.133,-0.306,NA,0.005,-0.147,NA,0.135,NA,8,-2086.264,4188.619,6.272,0.008
"96",-0.146,-0.048,-0.29,-0.096,-0.001,-0.145,NA,0.16,NA,9,-2085.608,4189.331,6.984,0.006
"224",-0.148,-0.052,-0.274,-0.09,0.009,-0.156,NA,0.137,0.044,10,-2084.632,4189.403,7.056,0.006
"188",-0.139,-0.151,-0.198,NA,0.041,-0.237,0.111,NA,0.071,9,-2088.897,4195.909,13.561,0
"71",-0.152,NA,-0.198,-0.112,NA,NA,NA,0.171,NA,6,-2092.196,4196.445,14.097,0
"180",-0.139,-0.17,-0.197,NA,NA,-0.243,0.109,NA,0.064,8,-2090.25,4196.591,14.244,0
"192",-0.139,-0.212,-0.219,0.074,0.041,-0.237,0.115,NA,0.063,10,-2088.345,4196.83,14.483,0
"184",-0.138,-0.23,-0.218,0.071,NA,-0.243,0.112,NA,0.056,9,-2089.735,4197.584,15.237,0
"156",-0.136,-0.161,-0.223,NA,0.04,-0.176,NA,NA,0.095,8,-2090.813,4197.718,15.371,0
"199",-0.153,NA,-0.189,-0.113,NA,NA,NA,0.164,0.017,7,-2092.041,4198.154,15.807,0
"103",-0.151,NA,-0.212,-0.116,NA,NA,-0.02,0.173,NA,7,-2092.073,4198.217,15.869,0
"148",-0.136,-0.18,-0.222,NA,NA,-0.182,NA,NA,0.088,7,-2092.092,4198.255,15.908,0
"68",-0.149,-0.103,-0.215,NA,NA,NA,NA,0.144,NA,6,-2093.124,4198.301,15.953,0
"79",-0.151,NA,-0.199,-0.109,0.008,NA,NA,0.168,NA,7,-2092.143,4198.357,16.01,0
"72",-0.152,-0.001,-0.198,-0.112,NA,NA,NA,0.171,NA,7,-2092.196,4198.463,16.115,0
"123",-0.17,NA,-0.273,NA,0.044,-0.193,0.16,0.154,NA,8,-2091.262,4198.615,16.267,0
"64",-0.134,-0.243,-0.225,0.108,0.035,-0.251,0.161,NA,NA,9,-2090.343,4198.801,16.453,0
"56",-0.134,-0.256,-0.223,0.103,NA,-0.255,0.155,NA,NA,8,-2091.359,4198.81,16.462,0
"160",-0.136,-0.216,-0.243,0.066,0.04,-0.174,NA,NA,0.089,9,-2090.37,4198.854,16.506,0
"52",-0.134,-0.171,-0.192,NA,NA,-0.257,0.159,NA,NA,7,-2092.497,4199.065,16.718,0
"60",-0.134,-0.155,-0.193,NA,0.033,-0.254,0.165,NA,NA,8,-2091.597,4199.286,16.939,0
"152",-0.135,-0.233,-0.241,0.064,NA,-0.181,NA,NA,0.082,8,-2091.679,4199.45,17.102,0
"231",-0.152,NA,-0.207,-0.12,NA,NA,-0.036,0.163,0.028,8,-2091.713,4199.518,17.171,0
"207",-0.153,NA,-0.188,-0.108,0.013,NA,NA,0.158,0.021,8,-2091.914,4199.919,17.571,0
"115",-0.174,NA,-0.281,NA,NA,-0.19,0.153,0.171,NA,7,-2092.928,4199.927,17.58,0
"76",-0.148,-0.098,-0.216,NA,0.015,NA,NA,0.14,NA,7,-2092.941,4199.954,17.606,0
"196",-0.15,-0.103,-0.206,NA,NA,NA,NA,0.137,0.016,7,-2092.987,4200.045,17.697,0
"100",-0.147,-0.107,-0.229,NA,NA,NA,-0.02,0.145,NA,7,-2092.998,4200.067,17.72,0
"200",-0.153,0,-0.189,-0.113,NA,NA,NA,0.164,0.017,8,-2092.041,4200.174,17.827,0
"111",-0.15,NA,-0.212,-0.113,0.006,NA,-0.018,0.171,NA,8,-2092.044,4200.179,17.831,0
"104",-0.15,-0.005,-0.212,-0.112,NA,NA,-0.02,0.172,NA,8,-2092.071,4200.233,17.886,0
"80",-0.151,-0.003,-0.2,-0.106,0.008,NA,NA,0.168,NA,8,-2092.142,4200.376,18.029,0
"251",-0.17,NA,-0.271,NA,0.046,-0.191,0.153,0.149,0.012,9,-2091.203,4200.52,18.172,0
"239",-0.151,NA,-0.206,-0.115,0.012,NA,-0.035,0.158,0.032,9,-2091.609,4201.333,18.985,0
"228",-0.148,-0.111,-0.225,NA,NA,NA,-0.036,0.134,0.027,8,-2092.665,4201.422,19.075,0
"204",-0.149,-0.096,-0.204,NA,0.02,NA,NA,0.129,0.023,8,-2092.678,4201.447,19.099,0
"232",-0.151,-0.007,-0.208,-0.113,NA,NA,-0.037,0.161,0.028,9,-2091.709,4201.533,19.185,0
"108",-0.147,-0.102,-0.227,NA,0.013,NA,-0.017,0.142,NA,8,-2092.858,4201.808,19.46,0
"243",-0.174,NA,-0.282,NA,NA,-0.191,0.156,0.173,-0.006,8,-2092.913,4201.918,19.571,0
"208",-0.152,-0.004,-0.189,-0.104,0.013,NA,NA,0.157,0.021,9,-2091.912,4201.939,19.592,0
"112",-0.15,-0.006,-0.212,-0.107,0.006,NA,-0.019,0.169,NA,9,-2092.04,4202.195,19.848,0
"236",-0.148,-0.104,-0.222,NA,0.019,NA,-0.035,0.127,0.033,9,-2092.386,4202.886,20.538,0
"240",-0.151,-0.011,-0.207,-0.105,0.012,NA,-0.036,0.155,0.032,10,-2091.601,4203.341,20.994,0
"191",-0.147,NA,-0.155,-0.129,0.055,-0.228,0.121,NA,0.088,9,-2093.623,4205.36,23.012,0
"24",-0.126,-0.282,-0.267,0.114,NA,-0.161,NA,NA,NA,7,-2095.791,4205.653,23.306,0
"219",-0.168,NA,-0.308,NA,0.048,-0.101,NA,0.153,0.045,8,-2094.93,4205.952,23.604,0
"91",-0.165,NA,-0.325,NA,0.038,-0.09,NA,0.176,NA,7,-2095.956,4205.984,23.636,0
"32",-0.126,-0.272,-0.27,0.118,0.029,-0.155,NA,NA,NA,8,-2095.104,4206.3,23.953,0
"20",-0.125,-0.188,-0.234,NA,NA,-0.161,NA,NA,NA,6,-2097.188,4206.43,24.082,0
"83",-0.17,NA,-0.33,NA,NA,-0.091,NA,0.19,NA,6,-2097.238,4206.53,24.182,0
"28",-0.125,-0.176,-0.235,NA,0.026,-0.155,NA,NA,NA,7,-2096.614,4207.299,24.952,0
"211",-0.172,NA,-0.32,NA,NA,-0.098,NA,0.178,0.028,7,-2096.813,4207.698,25.35,0
"159",-0.143,NA,-0.179,-0.142,0.054,-0.161,NA,NA,0.115,8,-2095.86,4207.811,25.464,0
"183",-0.147,NA,-0.145,-0.156,NA,-0.234,0.118,NA,0.082,8,-2096.093,4208.277,25.929,0
"117",-0.133,NA,NA,-0.156,NA,-0.165,0.216,0.1,NA,7,-2097.545,4209.161,26.814,0
"75",-0.165,NA,-0.26,NA,0.039,NA,NA,0.172,NA,6,-2098.726,4209.505,27.158,0
"245",-0.135,NA,NA,-0.161,NA,-0.161,0.187,0.087,0.039,8,-2096.825,4209.742,27.395,0
"67",-0.169,NA,-0.265,NA,NA,NA,NA,0.186,NA,5,-2100.068,4210.175,27.827,0
"151",-0.144,NA,-0.169,-0.168,NA,-0.169,NA,NA,0.109,7,-2098.238,4210.548,28.2,0
"203",-0.166,NA,-0.244,NA,0.046,NA,NA,0.157,0.029,7,-2098.289,4210.65,28.303,0
"118",-0.136,0.052,NA,-0.205,NA,-0.162,0.213,0.116,NA,8,-2097.325,4210.741,28.394,0
"107",-0.165,NA,-0.238,NA,0.04,NA,0.029,0.167,NA,7,-2098.458,4210.987,28.64,0
"125",-0.132,NA,NA,-0.152,0.01,-0.165,0.218,0.096,NA,8,-2097.465,4211.021,28.674,0
"253",-0.134,NA,NA,-0.153,0.019,-0.161,0.187,0.079,0.045,9,-2096.582,4211.278,28.93,0
"246",-0.137,0.047,NA,-0.205,NA,-0.159,0.185,0.103,0.038,9,-2096.646,4211.407,29.06,0
"63",-0.142,NA,-0.149,-0.124,0.048,-0.246,0.19,NA,NA,8,-2097.73,4211.552,29.204,0
"99",-0.17,NA,-0.246,NA,NA,NA,0.024,0.183,NA,6,-2099.875,4211.804,29.456,0
"195",-0.17,NA,-0.258,NA,NA,NA,NA,0.181,0.013,6,-2099.972,4211.998,29.651,0
"235",-0.166,NA,-0.234,NA,0.045,NA,0.017,0.157,0.024,8,-2098.213,4212.517,30.169,0
"126",-0.136,0.05,NA,-0.199,0.009,-0.162,0.215,0.112,NA,9,-2097.265,4212.644,30.297,0
"254",-0.137,0.042,NA,-0.193,0.017,-0.159,0.186,0.094,0.043,10,-2096.44,4213.02,30.672,0
"55",-0.142,NA,-0.141,-0.148,NA,-0.251,0.184,NA,NA,7,-2099.668,4213.408,31.061,0
"227",-0.17,NA,-0.245,NA,NA,NA,0.021,0.18,0.007,7,-2099.854,4213.779,31.432,0
"140",-0.139,-0.124,-0.117,NA,0.05,NA,NA,NA,0.077,7,-2100.129,4214.328,31.981,0
"144",-0.138,-0.188,-0.142,0.077,0.051,NA,NA,NA,0.07,8,-2099.526,4215.143,32.796,0
"172",-0.137,-0.134,-0.145,NA,0.048,NA,-0.049,NA,0.091,8,-2099.531,4215.154,32.807,0
"114",-0.128,-0.138,NA,NA,NA,-0.165,0.232,0.057,NA,7,-2100.663,4215.398,33.05,0
"186",-0.128,-0.141,NA,NA,0.039,-0.172,0.194,NA,0.064,8,-2099.846,4215.784,33.436,0
"242",-0.13,-0.142,NA,NA,NA,-0.161,0.204,0.044,0.039,8,-2099.978,4216.048,33.701,0
"176",-0.136,-0.194,-0.166,0.072,0.049,NA,-0.046,NA,0.083,9,-2099.002,4216.118,33.771,0
"178",-0.127,-0.16,NA,NA,NA,-0.178,0.192,NA,0.057,7,-2101.08,4216.232,33.884,0
"132",-0.138,-0.146,-0.11,NA,NA,NA,NA,NA,0.067,6,-2102.179,4216.411,34.063,0
"189",-0.134,NA,NA,-0.148,0.046,-0.183,0.176,NA,0.083,8,-2100.181,4216.454,34.107,0
"190",-0.129,-0.083,NA,-0.071,0.039,-0.179,0.182,NA,0.072,9,-2099.209,4216.532,34.185,0
"122",-0.128,-0.128,NA,NA,0.023,-0.165,0.236,0.053,NA,8,-2100.246,4216.584,34.236,0
"250",-0.129,-0.131,NA,NA,0.032,-0.161,0.203,0.034,0.048,9,-2099.237,4216.589,34.241,0
"164",-0.136,-0.157,-0.142,NA,NA,NA,-0.056,NA,0.083,7,-2101.401,4216.874,34.526,0
"182",-0.129,-0.1,NA,-0.073,NA,-0.185,0.18,NA,0.066,8,-2100.421,4216.933,34.585,0
"136",-0.138,-0.209,-0.134,0.075,NA,NA,NA,NA,0.06,7,-2101.613,4217.297,34.95,0
"50",-0.123,-0.16,NA,NA,NA,-0.192,0.235,NA,NA,6,-2102.863,4217.78,35.432,0
"101",-0.133,NA,NA,-0.142,NA,NA,0.093,0.118,NA,6,-2102.876,4217.806,35.459,0
"181",-0.135,NA,NA,-0.169,NA,-0.19,0.171,NA,0.078,7,-2101.904,4217.88,35.532,0
"229",-0.135,NA,NA,-0.148,NA,NA,0.062,0.103,0.046,7,-2101.912,4217.896,35.548,0
"168",-0.136,-0.215,-0.163,0.07,NA,NA,-0.053,NA,0.076,8,-2100.915,4217.921,35.574,0
"58",-0.123,-0.145,NA,NA,0.032,-0.189,0.241,NA,NA,7,-2102.016,4218.102,35.755,0
"197",-0.13,NA,NA,-0.17,NA,NA,NA,0.09,0.075,6,-2103.164,4218.381,36.033,0
"102",-0.138,0.072,NA,-0.21,NA,NA,0.092,0.14,NA,7,-2102.459,4218.99,36.642,0
"16",-0.13,-0.236,-0.172,0.118,0.041,NA,NA,NA,NA,7,-2102.502,4219.075,36.728,0
"213",-0.127,NA,NA,-0.185,NA,-0.041,NA,0.079,0.088,7,-2102.504,4219.079,36.731,0
"230",-0.139,0.066,NA,-0.209,NA,NA,0.063,0.124,0.044,8,-2101.566,4219.223,36.875,0
"237",-0.135,NA,NA,-0.139,0.02,NA,0.063,0.095,0.051,8,-2101.635,4219.361,37.013,0
"54",-0.123,-0.128,NA,-0.04,NA,-0.197,0.232,NA,NA,7,-2102.651,4219.372,37.025,0
"187",-0.163,NA,-0.182,NA,0.092,-0.206,0.163,NA,0.08,8,-2101.773,4219.637,37.29,0
"109",-0.133,NA,NA,-0.137,0.01,NA,0.095,0.114,NA,7,-2102.795,4219.661,37.314,0
"198",-0.133,0.064,NA,-0.23,NA,NA,NA,0.11,0.073,7,-2102.833,4219.737,37.39,0
"62",-0.123,-0.115,NA,-0.036,0.032,-0.193,0.238,NA,NA,8,-2101.839,4219.77,37.422,0
"8",-0.131,-0.248,-0.163,0.112,NA,NA,NA,NA,NA,6,-2103.877,4219.807,37.46,0
"205",-0.129,NA,NA,-0.163,0.018,NA,NA,0.082,0.08,7,-2102.926,4219.923,37.576,0
"12",-0.129,-0.139,-0.137,NA,0.038,NA,NA,NA,NA,6,-2103.997,4220.048,37.7,0
"4",-0.13,-0.155,-0.13,NA,NA,NA,NA,NA,NA,5,-2105.212,4220.461,38.114,0
"214",-0.13,0.059,NA,-0.24,NA,-0.04,NA,0.098,0.086,8,-2102.226,4220.544,38.196,0
"221",-0.126,NA,NA,-0.178,0.017,-0.041,NA,0.072,0.093,8,-2102.293,4220.677,38.329,0
"238",-0.139,0.061,NA,-0.197,0.018,NA,0.064,0.115,0.049,9,-2101.344,4220.803,38.456,0
"110",-0.137,0.07,NA,-0.204,0.009,NA,0.094,0.136,NA,8,-2102.405,4220.902,38.555,0
"48",-0.13,-0.235,-0.17,0.118,0.041,NA,0.003,NA,NA,8,-2102.5,4221.091,38.744,0
"206",-0.133,0.06,NA,-0.219,0.016,NA,NA,0.101,0.078,8,-2102.646,4221.384,39.037,0
"143",-0.145,NA,-0.092,-0.107,0.062,NA,NA,NA,0.095,7,-2103.707,4221.485,39.138,0
"61",-0.129,NA,NA,-0.142,0.04,-0.202,0.239,NA,NA,7,-2103.835,4221.741,39.394,0
"40",-0.13,-0.25,-0.167,0.112,NA,NA,-0.007,NA,NA,7,-2103.863,4221.797,39.45,0
"44",-0.13,-0.138,-0.134,NA,0.039,NA,0.006,NA,NA,7,-2103.988,4222.046,39.699,0
"222",-0.13,0.055,NA,-0.229,0.016,-0.039,NA,0.09,0.091,9,-2102.058,4222.231,39.883,0
"53",-0.13,NA,NA,-0.161,NA,-0.208,0.232,NA,NA,6,-2105.161,4222.375,40.027,0
"36",-0.13,-0.156,-0.132,NA,NA,NA,-0.004,NA,NA,6,-2105.208,4222.469,40.121,0
"175",-0.144,NA,-0.109,-0.114,0.061,NA,-0.035,NA,0.105,8,-2103.414,4222.919,40.572,0
"31",-0.132,NA,-0.192,-0.144,0.043,-0.129,NA,NA,NA,7,-2104.489,4223.05,40.702,0
"69",-0.118,NA,NA,-0.182,NA,NA,NA,0.109,NA,5,-2106.876,4223.789,41.442,0
"98",-0.129,-0.122,NA,NA,NA,NA,0.109,0.08,NA,6,-2105.92,4223.894,41.546,0
"23",-0.133,NA,-0.183,-0.164,NA,-0.136,NA,NA,NA,6,-2105.992,4224.037,41.69,0
"226",-0.131,-0.128,NA,NA,NA,NA,0.08,0.064,0.044,7,-2105.017,4224.105,41.757,0
"59",-0.157,NA,-0.176,NA,0.084,-0.224,0.224,NA,NA,7,-2105.186,4224.444,42.096,0
"157",-0.126,NA,NA,-0.171,0.042,-0.067,NA,NA,0.125,7,-2105.218,4224.508,42.16,0
"234",-0.131,-0.116,NA,NA,0.033,NA,0.08,0.054,0.054,8,-2104.234,4224.559,42.212,0
"70",-0.123,0.078,NA,-0.255,NA,NA,NA,0.133,NA,6,-2106.393,4224.839,42.492,0
"106",-0.129,-0.113,NA,NA,0.023,NA,0.114,0.075,NA,7,-2105.509,4225.089,42.742,0
"158",-0.122,-0.066,NA,-0.111,0.037,-0.061,NA,NA,0.118,8,-2104.599,4225.29,42.943,0
"150",-0.122,-0.083,NA,-0.112,NA,-0.067,NA,NA,0.111,7,-2105.658,4225.388,43.04,0
"149",-0.127,NA,NA,-0.191,NA,-0.077,NA,NA,0.119,6,-2106.669,4225.391,43.044,0
"170",-0.128,-0.13,NA,NA,0.045,NA,0.051,NA,0.081,7,-2105.825,4225.72,43.373,0
"138",-0.123,-0.146,NA,NA,0.041,NA,NA,NA,0.1,6,-2106.849,4225.752,43.404,0
"77",-0.119,NA,NA,-0.183,-0.004,NA,NA,0.11,NA,6,-2106.865,4225.784,43.436,0
"135",-0.145,NA,-0.075,-0.135,NA,NA,NA,NA,0.086,6,-2106.869,4225.79,43.443,0
"85",-0.118,NA,NA,-0.182,NA,0,NA,0.109,NA,6,-2106.876,4225.804,43.457,0
"155",-0.16,NA,-0.219,NA,0.095,-0.11,NA,NA,0.117,7,-2105.954,4225.979,43.632,0
"141",-0.132,NA,NA,-0.142,0.05,NA,NA,NA,0.11,6,-2107.116,4226.286,43.938,0
"142",-0.126,-0.083,NA,-0.07,0.042,NA,NA,NA,0.103,7,-2106.11,4226.29,43.943,0
"194",-0.123,-0.155,NA,NA,NA,NA,NA,0.039,0.083,6,-2107.123,4226.3,43.952,0
"130",-0.123,-0.163,NA,NA,NA,NA,NA,NA,0.091,5,-2108.205,4226.448,44.101,0
"154",-0.119,-0.158,NA,NA,0.037,-0.037,NA,NA,0.109,7,-2106.192,4226.455,44.107,0
"146",-0.119,-0.175,NA,NA,NA,-0.044,NA,NA,0.102,6,-2107.27,4226.593,44.245,0
"202",-0.123,-0.143,NA,NA,0.033,NA,NA,0.028,0.092,7,-2106.327,4226.726,44.379,0
"78",-0.124,0.079,NA,-0.258,-0.006,NA,NA,0.135,NA,7,-2106.369,4226.809,44.461,0
"86",-0.123,0.078,NA,-0.254,NA,0.001,NA,0.133,NA,7,-2106.393,4226.856,44.509,0
"167",-0.144,NA,-0.097,-0.143,NA,NA,-0.042,NA,0.099,7,-2106.435,4226.942,44.594,0
"162",-0.127,-0.151,NA,NA,NA,NA,0.043,NA,0.074,6,-2107.471,4226.996,44.649,0
"134",-0.126,-0.105,NA,-0.066,NA,NA,NA,NA,0.093,6,-2107.559,4227.171,44.824,0
"174",-0.129,-0.094,NA,-0.044,0.045,NA,0.04,NA,0.087,8,-2105.579,4227.25,44.903,0
"210",-0.12,-0.165,NA,NA,NA,-0.028,NA,0.028,0.092,7,-2106.818,4227.707,45.359,0
"173",-0.135,NA,NA,-0.13,0.053,NA,0.029,NA,0.099,7,-2106.826,4227.723,45.375,0
"93",-0.119,NA,NA,-0.184,-0.004,-0.001,NA,0.11,NA,7,-2106.865,4227.801,45.454,0
"218",-0.12,-0.153,NA,NA,0.033,-0.028,NA,0.018,0.101,8,-2106.026,4228.143,45.796,0
"166",-0.128,-0.115,NA,-0.045,NA,NA,0.032,NA,0.08,7,-2107.221,4228.513,46.166,0
"133",-0.134,NA,NA,-0.161,NA,NA,NA,NA,0.1,5,-2109.25,4228.539,46.191,0
"94",-0.124,0.079,NA,-0.258,-0.006,0,NA,0.135,NA,8,-2106.369,4228.829,46.481,0
"165",-0.136,NA,NA,-0.154,NA,NA,0.016,NA,0.094,6,-2109.159,4230.371,48.024,0
"42",-0.122,-0.134,NA,NA,0.037,NA,0.093,NA,NA,6,-2109.368,4230.79,48.442,0
"34",-0.122,-0.151,NA,NA,NA,NA,0.083,NA,NA,5,-2110.481,4231,48.652,0
"15",-0.135,NA,-0.118,-0.114,0.051,NA,NA,NA,NA,6,-2109.667,4231.388,49.04,0
"139",-0.158,NA,-0.147,NA,0.094,NA,NA,NA,0.102,6,-2109.871,4231.795,49.448,0
"121",-0.149,NA,NA,NA,0.057,-0.131,0.274,0.085,NA,7,-2108.889,4231.848,49.501,0
"249",-0.151,NA,NA,NA,0.065,-0.127,0.248,0.07,0.039,8,-2108.215,4232.52,50.173,0
"47",-0.137,NA,-0.098,-0.106,0.053,NA,0.034,NA,NA,7,-2109.307,4232.684,50.337,0
"46",-0.122,-0.134,NA,0.001,0.037,NA,0.093,NA,NA,7,-2109.368,4232.807,50.46,0
"38",-0.122,-0.149,NA,-0.003,NA,NA,0.083,NA,NA,6,-2110.48,4233.013,50.666,0
"66",-0.11,-0.166,NA,NA,NA,NA,NA,0.056,NA,5,-2111.677,4233.393,51.045,0
"179",-0.17,NA,-0.175,NA,NA,-0.209,0.175,NA,0.065,7,-2109.737,4233.545,51.197,0
"171",-0.158,NA,-0.137,NA,0.093,NA,0.016,NA,0.096,7,-2109.798,4233.666,51.319,0
"7",-0.136,NA,-0.102,-0.137,NA,NA,NA,NA,NA,5,-2111.843,4233.723,51.376,0
"82",-0.112,-0.16,NA,NA,NA,0.016,NA,0.061,NA,6,-2111.559,4235.172,52.824,0
"74",-0.109,-0.163,NA,NA,0.01,NA,NA,0.053,NA,6,-2111.6,4235.253,52.905,0
"39",-0.138,NA,-0.088,-0.132,NA,NA,0.024,NA,NA,6,-2111.663,4235.379,53.031,0
"113",-0.154,NA,NA,NA,NA,-0.124,0.269,0.105,NA,6,-2111.71,4235.473,53.126,0
"185",-0.15,NA,NA,NA,0.087,-0.147,0.235,NA,0.073,7,-2111.002,4236.074,53.727,0
"51",-0.165,NA,-0.17,NA,NA,-0.224,0.225,NA,NA,6,-2112.012,4236.078,53.73,0
"2",-0.108,-0.18,NA,NA,NA,NA,NA,NA,NA,4,-2114.057,4236.14,53.793,0
"45",-0.129,NA,NA,-0.121,0.047,NA,0.088,NA,NA,6,-2112.067,4236.187,53.839,0
"105",-0.148,NA,NA,NA,0.054,NA,0.17,0.1,NA,6,-2112.287,4236.628,54.281,0
"233",-0.15,NA,NA,NA,0.062,NA,0.144,0.083,0.045,7,-2111.405,4236.881,54.533,0
"90",-0.112,-0.155,NA,NA,0.011,0.018,NA,0.058,NA,7,-2111.458,4236.987,54.639,0
"241",-0.155,NA,NA,NA,NA,-0.123,0.258,0.1,0.016,7,-2111.586,4237.243,54.896,0
"10",-0.107,-0.172,NA,NA,0.022,NA,NA,NA,NA,5,-2113.64,4237.319,54.971,0
"6",-0.11,-0.134,NA,-0.052,NA,NA,NA,NA,NA,5,-2113.649,4237.335,54.988,0
"37",-0.131,NA,NA,-0.143,NA,NA,0.074,NA,NA,5,-2113.904,4237.846,55.499,0
"18",-0.106,-0.184,NA,NA,NA,-0.011,NA,NA,NA,5,-2113.998,4238.034,55.687,0
"14",-0.109,-0.124,NA,-0.054,0.023,NA,NA,NA,NA,6,-2113.205,4238.463,56.115,0
"22",-0.107,-0.129,NA,-0.067,NA,-0.023,NA,NA,NA,6,-2113.405,4238.863,56.516,0
"26",-0.106,-0.174,NA,NA,0.021,-0.005,NA,NA,NA,6,-2113.625,4239.303,56.956,0
"97",-0.153,NA,NA,NA,NA,NA,0.171,0.118,NA,5,-2114.771,4239.579,57.232,0
"57",-0.145,NA,NA,NA,0.081,-0.166,0.289,NA,NA,6,-2113.829,4239.71,57.363,0
"30",-0.107,-0.121,NA,-0.065,0.021,-0.018,NA,NA,NA,7,-2113.065,4240.201,57.854,0
"5",-0.118,NA,NA,-0.175,NA,NA,NA,NA,NA,4,-2116.454,4240.933,58.585,0
"13",-0.116,NA,NA,-0.164,0.033,NA,NA,NA,NA,5,-2115.51,4241.059,58.711,0
"147",-0.167,NA,-0.214,NA,NA,-0.106,NA,NA,0.105,6,-2114.529,4241.112,58.764,0
"225",-0.154,NA,NA,NA,NA,NA,0.158,0.111,0.023,6,-2114.533,4241.119,58.772,0
"43",-0.151,NA,-0.125,NA,0.084,NA,0.077,NA,NA,6,-2114.785,4241.624,59.277,0
"27",-0.149,NA,-0.233,NA,0.084,-0.076,NA,NA,NA,6,-2114.791,4241.635,59.288,0
"21",-0.114,NA,NA,-0.189,NA,-0.033,NA,NA,NA,5,-2115.93,4241.897,59.55,0
"29",-0.113,NA,NA,-0.176,0.029,-0.025,NA,NA,NA,6,-2115.229,4242.511,60.163,0
"169",-0.149,NA,NA,NA,0.089,NA,0.109,NA,0.087,6,-2115.39,4242.834,60.486,0
"11",-0.148,NA,-0.18,NA,0.084,NA,NA,NA,NA,5,-2116.752,4243.542,61.194,0
"131",-0.165,NA,-0.145,NA,NA,NA,NA,NA,0.09,5,-2118.151,4246.339,63.992,0
"163",-0.165,NA,-0.129,NA,NA,NA,0.026,NA,0.081,6,-2117.966,4247.985,65.638,0
"177",-0.157,NA,NA,NA,NA,-0.153,0.244,NA,0.059,6,-2118.159,4248.372,66.024,0
"41",-0.143,NA,NA,NA,0.081,NA,0.156,NA,NA,5,-2119.465,4248.969,66.621,0
"49",-0.152,NA,NA,NA,NA,-0.168,0.288,NA,NA,5,-2120.03,4250.098,67.751,0
"217",-0.143,NA,NA,NA,0.073,0.048,NA,0.057,0.105,7,-2118.611,4251.293,68.945,0
"201",-0.141,NA,NA,NA,0.078,NA,NA,0.041,0.124,6,-2119.66,4251.373,69.026,0
"137",-0.141,NA,NA,NA,0.091,NA,NA,NA,0.137,5,-2120.768,4251.574,69.226,0
"153",-0.143,NA,NA,NA,0.091,0.024,NA,NA,0.13,6,-2120.46,4252.973,70.626,0
"35",-0.158,NA,-0.119,NA,NA,NA,0.077,NA,NA,5,-2121.548,4253.134,70.786,0
"19",-0.156,NA,-0.227,NA,NA,-0.076,NA,NA,NA,5,-2121.57,4253.179,70.831,0
"3",-0.156,NA,-0.174,NA,NA,NA,NA,NA,NA,4,-2123.512,4255.049,72.701,0
"161",-0.156,NA,NA,NA,NA,NA,0.112,NA,0.073,5,-2122.862,4255.762,73.415,0
"209",-0.148,NA,NA,NA,NA,0.062,NA,0.09,0.082,6,-2122.9,4257.853,75.506,0
"193",-0.146,NA,NA,NA,NA,NA,NA,0.072,0.105,5,-2124.679,4259.395,77.048,0
"33",-0.15,NA,NA,NA,NA,NA,0.152,NA,NA,4,-2125.771,4259.567,77.219,0
"89",-0.134,NA,NA,NA,0.052,0.096,NA,0.1,NA,6,-2124.326,4260.706,78.359,0
"81",-0.14,NA,NA,NA,NA,0.098,NA,0.118,NA,5,-2126.603,4263.244,80.897,0
"129",-0.148,NA,NA,NA,NA,NA,NA,NA,0.125,4,-2128.559,4265.143,82.796,0
"145",-0.149,NA,NA,NA,NA,0.024,NA,NA,0.117,5,-2128.245,4266.528,84.18,0
"73",-0.126,NA,NA,NA,0.055,NA,NA,0.079,NA,5,-2129.399,4268.836,86.489,0
"65",-0.131,NA,NA,NA,NA,NA,NA,0.098,NA,4,-2131.953,4271.932,89.585,0
"25",-0.128,NA,NA,NA,0.079,0.07,NA,NA,NA,5,-2131.086,4272.21,89.863,0
"9",-0.122,NA,NA,NA,0.077,NA,NA,NA,NA,4,-2133.908,4275.841,93.493,0
"17",-0.136,NA,NA,NA,NA,0.066,NA,NA,NA,4,-2136.968,4281.961,99.613,0
"1",-0.13,NA,NA,NA,NA,NA,NA,NA,NA,3,-2139.503,4285.022,102.674,0
